{
  "credit": "Made with Blockbench",
  "texture_size": [
    16,
    32
  ],
  "elements": [
    {
      "from": [
        0,
        0,
        8
      ],
      "to": [
        16,
        32,
        9
      ],
      "faces": {
        "north": {
          "uv": [
            0,
            0,
            16,
            16
          ],
          "texture": "#0"
        },
        "east": {
          "uv": [
            0,
            0,
            1,
            16
          ],
          "texture": "#0"
        },
        "south": {
          "uv": [
            0,
            0,
            16,
            16
          ],
          "texture": "#0"
        },
        "west": {
          "uv": [
            0,
            0,
            1,
            16
          ],
          "texture": "#0"
        },
        "up": {
          "uv": [
            0,
            0,
            16,
            1
          ],
          "texture": "#0"
        },
        "down": {
          "uv": [
            0,
            0,
            16,
            1
          ],
          "texture": "#0"
        }
      }
    }
  ]
}