{
  "credit": "Made with Blockbench",
  "texture_size": [
    64,
    64
  ],
  "elements": [
    {
      "name": "Main1",
      "from": [
        3,
        0,
        4
      ],
      "to": [
        13,
        4,
        12
      ],
      "faces": {
        "north": {
          "uv": [
            2,
            2,
            4.5,
            3
          ],
          "texture": "#0"
        },
        "east": {
          "uv": [
            0,
            2,
            2,
            3
          ],
          "texture": "#0"
        },
        "south": {
          "uv": [
            6.5,
            2,
            9,
            3
          ],
          "texture": "#0"
        },
        "west": {
          "uv": [
            4.5,
            2,
            6.5,
            3
          ],
          "texture": "#0"
        },
        "up": {
          "uv": [
            4.5,
            2,
            2,
            0
          ],
          "texture": "#0"
        },
        "down": {
          "uv": [
            7,
            0,
            4.5,
            2
          ],
          "texture": "#0"
        }
      }
    },
    {
      "name": "Main2",
      "from": [
        4,
        1,
        5
      ],
      "to": [
        12,
        4,
        11
      ],
      "faces": {
        "north": {
          "uv": [
            1.5,
            7.5,
            3.5,
            8.25
          ],
          "texture": "#0"
        },
        "east": {
          "uv": [
            0,
            7.5,
            1.5,
            8.25
          ],
          "texture": "#0"
        },
        "south": {
          "uv": [
            5,
            7.5,
            7,
            8.25
          ],
          "texture": "#0"
        },
        "west": {
          "uv": [
            3.5,
            7.5,
            5,
            8.25
          ],
          "texture": "#0"
        },
        "up": {
          "uv": [
            3.5,
            7.5,
            1.5,
            6
          ],
          "texture": "#0"
        },
        "down": {
          "uv": [
            5.5,
            6,
            3.5,
            7.5
          ],
          "texture": "#0"
        }
      }
    },
    {
      "name": "Top",
      "from": [
        3,
        4,
        4
      ],
      "to": [
        13,
        6,
        12
      ],
      "faces": {
        "north": {
          "uv": [
            2,
            5.25,
            4.5,
            5.75
          ],
          "texture": "#0"
        },
        "east": {
          "uv": [
            0,
            5.25,
            2,
            5.75
          ],
          "texture": "#0"
        },
        "south": {
          "uv": [
            6.5,
            5.25,
            9,
            5.75
          ],
          "texture": "#0"
        },
        "west": {
          "uv": [
            4.5,
            5.25,
            6.5,
            5.75
          ],
          "texture": "#0"
        },
        "up": {
          "uv": [
            4.5,
            5.25,
            2,
            3.25
          ],
          "texture": "#0"
        },
        "down": {
          "uv": [
            7,
            3.25,
            4.5,
            5.25
          ],
          "texture": "#0"
        }
      }
    },
    {
      "name": "Lock",
      "from": [
        7,
        3,
        4.1
      ],
      "to": [
        9,
        5,
        4.1
      ],
      "rotation": {
        "angle": 0,
        "axis": "y",
        "origin": [
          0,
          4,
          -4
        ]
      },
      "faces": {
        "north": {
          "uv": [
            0,
            0,
            0.5,
            0.5
          ],
          "texture": "#0"
        },
        "east": {
          "uv": [
            0,
            0,
            0,
            0.5
          ],
          "texture": "#0"
        },
        "south": {
          "uv": [
            0.5,
            0,
            1,
            0.5
          ],
          "texture": "#0"
        },
        "west": {
          "uv": [
            0.5,
            0,
            0.5,
            0.5
          ],
          "texture": "#0"
        },
        "up": {
          "uv": [
            0.5,
            0,
            0,
            0
          ],
          "texture": "#0"
        },
        "down": {
          "uv": [
            1,
            0,
            0.5,
            0
          ],
          "texture": "#0"
        }
      }
    }
  ],
  "groups": [
    {
      "name": "wood_stone_box",
      "origin": [
        0,
        0,
        0
      ],
      "color": 0,
      "children": [
        {
          "name": "Main",
          "origin": [
            0,
            4,
            -4
          ],
          "color": 0,
          "children": [
            0,
            1
          ]
        },
        {
          "name": "Top",
          "origin": [
            0,
            4.5,
            4.05
          ],
          "color": 0,
          "children": [
            2,
            3
          ]
        }
      ]
    }
  ]
}