{
  "credit": "Made with Blockbench",
  "texture_size": [
    64,
    64
  ],
  "elements": [
    {
      "name": "Main",
      "from": [
        0,
        0,
        0
      ],
      "to": [
        16,
        6,
        16
      ],
      "faces": {
        "north": {
          "uv": [
            4,
            8.25,
            8,
            9.75
          ],
          "texture": "#9"
        },
        "east": {
          "uv": [
            4,
            9.75,
            8,
            11.25
          ],
          "texture": "#9"
        },
        "south": {
          "uv": [
            0,
            10.25,
            4,
            11.75
          ],
          "texture": "#9"
        },
        "west": {
          "uv": [
            8,
            10.5,
            12,
            12
          ],
          "texture": "#9"
        },
        "up": {
          "uv": [
            4,
            4,
            0,
            0
          ],
          "texture": "#9"
        },
        "down": {
          "uv": [
            4,
            4,
            0,
            8
          ],
          "texture": "#9"
        }
      }
    },
    {
      "from": [
        2,
        6.5,
        2
      ],
      "to": [
        14,
        6.5,
        14
      ],
      "faces": {
        "north": {
          "uv": [
            0,
            0,
            3,
            0
          ],
          "texture": "#9"
        },
        "east": {
          "uv": [
            0,
            0,
            3,
            0
          ],
          "texture": "#9"
        },
        "south": {
          "uv": [
            0,
            0,
            3,
            0
          ],
          "texture": "#9"
        },
        "west": {
          "uv": [
            0,
            0,
            3,
            0
          ],
          "texture": "#9"
        },
        "up": {
          "uv": [
            7,
            3,
            4,
            0
          ],
          "texture": "#9"
        },
        "down": {
          "uv": [
            7,
            3,
            4,
            6
          ],
          "texture": "#9"
        }
      }
    },
    {
      "name": "Main",
      "from": [
        8,
        6,
        0
      ],
      "to": [
        8,
        15,
        16
      ],
      "faces": {
        "north": {
          "uv": [
            0,
            0,
            0,
            2.25
          ],
          "texture": "#9"
        },
        "east": {
          "uv": [
            4,
            6,
            8,
            8.25
          ],
          "texture": "#9"
        },
        "south": {
          "uv": [
            0,
            0,
            0,
            2.25
          ],
          "texture": "#9"
        },
        "west": {
          "uv": [
            7,
            0,
            11,
            2.25
          ],
          "texture": "#9"
        },
        "up": {
          "uv": [
            0,
            4,
            0,
            0
          ],
          "texture": "#9"
        },
        "down": {
          "uv": [
            0,
            0,
            0,
            4
          ],
          "texture": "#9"
        }
      }
    },
    {
      "name": "Main",
      "from": [
        0,
        6,
        8
      ],
      "to": [
        16,
        15,
        8
      ],
      "faces": {
        "north": {
          "uv": [
            7,
            2.25,
            11,
            4.5
          ],
          "texture": "#9"
        },
        "east": {
          "uv": [
            0,
            0,
            0,
            2.25
          ],
          "texture": "#9"
        },
        "south": {
          "uv": [
            0,
            8,
            4,
            10.25
          ],
          "texture": "#9"
        },
        "west": {
          "uv": [
            0,
            0,
            0,
            2.25
          ],
          "texture": "#9"
        },
        "up": {
          "uv": [
            4,
            0,
            0,
            0
          ],
          "texture": "#9"
        },
        "down": {
          "uv": [
            4,
            0,
            0,
            0
          ],
          "texture": "#9"
        }
      }
    },
    {
      "name": "Main",
      "from": [
        2,
        15,
        2
      ],
      "to": [
        14,
        15,
        14
      ],
      "faces": {
        "north": {
          "uv": [
            0,
            0,
            3,
            0
          ],
          "texture": "#9"
        },
        "east": {
          "uv": [
            0,
            0,
            3,
            0
          ],
          "texture": "#9"
        },
        "south": {
          "uv": [
            0,
            0,
            3,
            0
          ],
          "texture": "#9"
        },
        "west": {
          "uv": [
            0,
            0,
            3,
            0
          ],
          "texture": "#9"
        },
        "up": {
          "uv": [
            11,
            7.5,
            8,
            4.5
          ],
          "texture": "#9"
        },
        "down": {
          "uv": [
            11,
            7.5,
            8,
            10.5
          ],
          "texture": "#9"
        }
      }
    }
  ],
  "groups": [
    {
      "name": "group",
      "origin": [
        0,
        0,
        0
      ],
      "color": 0,
      "children": [
        0,
        1,
        2,
        3,
        4
      ]
    }
  ]
}